11100,05-06-2025,tomorrow is holiday,25-05-2025,Need to Complete project in 2 weeks
11213,05-06-2025,tomorrow is holiday,25-05-2025,Need to Complete project in 2 weeks
11311,05-06-2025,tomorrow is holiday,25-05-2025,Need to Complete project in 2 weeks
11122,05-06-2025,tomorrow is holiday,25-05-2025,Need to Complete project in 2 weeks
12233,05-06-2025,tomorrow is holiday,25-05-2025,Need to Complete project in 2 weeks
85133,05-06-2025,tomorrow is holiday,25-05-2025,Need to Complete project in 2 weeks
50858,05-06-2025,tomorrow is holiday,25-05-2025,Need to Complete project in 2 weeks
90933,05-06-2025,tomorrow is holiday,25-05-2025,Need to Complete project in 2 weeks
62171,----------,New Employee(ID : 11587) added to your team,05-06-2025,tomorrow is holiday,25-05-2025,Need to Complete project in 2 weeks
77054,05-06-2025,tomorrow is holiday,25-05-2025,Need to Complete project in 2 weeks
22550,05-06-2025,tomorrow is holiday,25-05-2025,Need to Complete project in 2 weeks
49946,05-06-2025,tomorrow is holiday,25-05-2025,Need to Complete project in 2 weeks
33550,05-06-2025,tomorrow is holiday,25-05-2025,Need to Complete project in 2 weeks
79569,05-06-2025,tomorrow is holiday,25-05-2025,Need to Complete project in 2 weeks
33032,05-06-2025,tomorrow is holiday,25-05-2025,Need to Complete project in 2 weeks
72678,05-06-2025,tomorrow is holiday,25-05-2025,Need to Complete project in 2 weeks
11587
56831
